{
    "acc_train": [
        0.4852294154619736,
        0.4896291640477687,
        0.5179132620993087,
        0.5216844751728472,
        0.5204274041483343,
        0.5021998742928976,
        0.5260842237586424,
        0.5116279069767442,
        0.524198617221873
    ],
    "acc_valid": [
        0.5301507537688442,
        0.5653266331658291,
        0.5804020100502513,
        0.5829145728643216,
        0.5804020100502513
    ],
    "batch_size": 64,
    "hidden_size": 128,
    "losses": [
        0.6998199224472046,
        0.6981777548789978,
        0.6991285085678101,
        0.7253803014755249,
        0.69272780418396,
        0.7152029275894165,
        0.7053136825561523,
        0.6914196014404297,
        0.6943929195404053,
        0.7085527181625366,
        0.6867417693138123,
        0.7182702422142029,
        0.7058506608009338,
        0.6897941827774048,
        0.7210615873336792,
        0.7019493579864502,
        0.7124965786933899,
        0.6953846216201782,
        0.7018057107925415,
        0.6886521577835083,
        0.7151845693588257,
        0.6950705051422119,
        0.6940075755119324,
        0.6924397945404053,
        0.7093154191970825,
        0.6978002786636353,
        0.7200350165367126,
        0.6831302046775818,
        0.7024096250534058,
        0.7166606187820435,
        0.6895989179611206,
        0.6943366527557373,
        0.7051414251327515,
        0.6999823451042175,
        0.7075741291046143,
        0.7102656364440918,
        0.695766806602478,
        0.7007521986961365,
        0.6883164644241333,
        0.6983267068862915,
        0.6984920501708984,
        0.7114855051040649,
        0.6873457431793213,
        0.6966434717178345,
        0.7046472430229187,
        0.6916193962097168,
        0.7070936560630798,
        0.6910598874092102,
        0.6894737482070923,
        0.7069470882415771,
        0.6742779016494751,
        0.6937874555587769,
        0.684815526008606,
        0.676078200340271,
        0.6936948299407959,
        0.6911761164665222,
        0.6791956424713135,
        0.6930765509605408,
        0.7227810621261597,
        0.7026416063308716,
        0.6929916739463806,
        0.703515887260437,
        0.7116168737411499,
        0.6954317688941956,
        0.6866706013679504,
        0.7125972509384155,
        0.6934465169906616,
        0.6943792104721069,
        0.70717453956604,
        0.6815336346626282,
        0.707431435585022,
        0.6863998174667358,
        0.6855689287185669,
        0.6894998550415039,
        0.6993691921234131,
        0.6836932897567749,
        0.6906033158302307,
        0.7264662981033325,
        0.6967876553535461,
        0.7017949223518372,
        0.6768572330474854,
        0.6822166442871094,
        0.7016465663909912,
        0.6859855651855469,
        0.7171909809112549,
        0.6968103051185608,
        0.6949183940887451,
        0.7024704217910767,
        0.6929079294204712,
        0.6869670152664185,
        0.6925925016403198,
        0.6973855495452881,
        0.6900560855865479,
        0.6742576956748962,
        0.7166346311569214,
        0.6886841058731079,
        0.6943128108978271,
        0.6843791604042053,
        0.7034947872161865,
        0.6831870079040527,
        0.6815544962882996,
        0.6875390410423279,
        0.6849707365036011,
        0.7107673287391663,
        0.692184567451477,
        0.6789184212684631,
        0.6882385611534119,
        0.703592836856842,
        0.6783333420753479,
        0.7001596689224243,
        0.6864108443260193,
        0.6813830137252808,
        0.6953510046005249,
        0.684562087059021,
        0.6967377662658691,
        0.6942548751831055,
        0.6911890506744385,
        0.6919519901275635,
        0.6961632966995239,
        0.6855108737945557,
        0.676794707775116,
        0.7156859040260315,
        0.6792736053466797,
        0.6936674118041992,
        0.6997146606445312,
        0.6857534646987915,
        0.704926073551178,
        0.7299081683158875,
        0.7201889753341675,
        0.6722204685211182,
        0.6954302191734314,
        0.7011085748672485,
        0.7037839889526367,
        0.6962673664093018,
        0.694322943687439,
        0.6812660694122314,
        0.7216442823410034,
        0.6910343170166016,
        0.6728053092956543,
        0.7029472589492798,
        0.6901344060897827,
        0.6806707382202148,
        0.7065439224243164,
        0.7053409218788147,
        0.6933621168136597,
        0.7122788429260254,
        0.7020738124847412,
        0.7160434126853943,
        0.7071222066879272,
        0.6964263319969177,
        0.7000625729560852,
        0.691184401512146,
        0.6940497159957886,
        0.7012985944747925,
        0.7032015323638916,
        0.7049092054367065,
        0.6800733804702759,
        0.6798350811004639,
        0.7053285837173462,
        0.7021154761314392,
        0.6877245903015137,
        0.6954877972602844,
        0.7022641897201538,
        0.6791298389434814,
        0.7080367803573608,
        0.7001670002937317,
        0.6741476655006409,
        0.6931196451187134,
        0.6837413311004639,
        0.6966097354888916,
        0.6990922689437866,
        0.7044474482536316,
        0.6847525835037231,
        0.6919930577278137,
        0.6842129230499268,
        0.7109293341636658,
        0.6840980052947998,
        0.716084361076355,
        0.7067666053771973,
        0.6671271324157715,
        0.687912106513977,
        0.6952430009841919,
        0.7053080797195435,
        0.6921231746673584,
        0.6916320323944092,
        0.6903418302536011,
        0.690522313117981,
        0.6896634101867676,
        0.7029809951782227,
        0.664833128452301,
        0.6938214302062988,
        0.6943941116333008,
        0.6899926066398621,
        0.6894607543945312,
        0.7260252237319946,
        0.6899451017379761,
        0.7149020433425903,
        0.6885674595832825,
        0.7041134834289551,
        0.710107684135437,
        0.7246654033660889,
        0.6942245364189148,
        0.6865564584732056,
        0.6758612394332886,
        0.7051064968109131,
        0.6948684453964233,
        0.6723551750183105,
        0.6966506838798523,
        0.699432373046875,
        0.6703059077262878,
        0.7263044118881226,
        0.6793326139450073,
        0.6894046664237976,
        0.6680966019630432,
        0.6853034496307373,
        0.6739016771316528,
        0.7143282890319824,
        0.6980421543121338,
        0.702738344669342,
        0.6857563257217407,
        0.6722203493118286,
        0.69315505027771,
        0.6880130767822266,
        0.6883985996246338,
        0.7043195962905884
    ],
    "lr": 2e-05,
    "num_epochs": 9,
    "num_linear": 1,
    "transformer_tag": "activebus/BERT-DK_rest"
}