{
    "acc_train": [
        0.5251396648044693,
        0.5005586592178771,
        0.5027932960893855,
        0.5162011173184358,
        0.505586592178771,
        0.5167597765363129,
        0.5173184357541899,
        0.5329608938547487,
        0.5128491620111731,
        0.4983240223463687
    ],
    "acc_valid": [
        0.507537688442211,
        0.5125628140703518,
        0.507537688442211,
        0.5276381909547738,
        0.49748743718592964,
        0.46733668341708545,
        0.5376884422110553,
        0.48743718592964824,
        0.592964824120603,
        0.49748743718592964
    ],
    "batch_size": 64,
    "hidden_size": 128,
    "losses": [
        0.7172187566757202,
        0.6885133981704712,
        0.7312567234039307,
        0.738675057888031,
        0.7883434295654297,
        0.7094148397445679,
        0.6948180198669434,
        0.6619641184806824,
        0.6940369606018066,
        0.7149038314819336,
        0.6850860118865967,
        0.739380955696106,
        0.6980154514312744,
        0.740135908126831,
        0.6643848419189453,
        0.676389217376709,
        0.6910578012466431,
        0.7284340858459473,
        0.7074500322341919,
        0.7047608494758606,
        0.7897342443466187,
        0.7114604711532593,
        0.7203426361083984,
        0.7009599208831787,
        0.7070226669311523,
        0.735491931438446,
        0.7076864242553711,
        0.7036194801330566,
        0.7026417255401611,
        0.7099282741546631,
        0.7168532609939575,
        0.7115845084190369,
        0.7165295481681824,
        0.7799224853515625,
        0.6949389576911926,
        0.77012699842453,
        0.8154585957527161,
        0.7323545813560486,
        0.6748673915863037,
        0.7006751298904419,
        0.7256110310554504,
        0.7313231825828552,
        0.7065556049346924,
        0.6859833002090454,
        0.6956627368927002,
        0.7463776469230652,
        0.6923531293869019,
        0.7206669449806213,
        0.6823820471763611,
        0.7037327289581299,
        0.7283352017402649,
        0.6514769196510315,
        0.6676527857780457,
        0.7049481272697449,
        0.7220666408538818,
        0.6748685836791992,
        0.7024391889572144,
        0.6940191984176636,
        0.6900367736816406,
        0.7022607326507568,
        0.6913236379623413,
        0.7258586883544922,
        0.695401668548584,
        0.7136288285255432,
        0.7178472876548767,
        0.7272278070449829,
        0.6926867961883545,
        0.6985687017440796,
        0.6942517757415771,
        0.6770852208137512,
        0.6830946803092957,
        0.7313545942306519,
        0.6663717031478882,
        0.7112006545066833,
        0.7387181520462036,
        0.7512079477310181,
        0.6613017320632935,
        0.7396764755249023,
        0.6649789214134216,
        0.714436948299408,
        0.7323390245437622,
        0.7197710871696472,
        0.6964151859283447,
        0.692564070224762,
        0.6958988904953003,
        0.7130920886993408,
        0.699768602848053,
        0.730205774307251,
        0.7233524918556213,
        0.7176087498664856,
        0.7279263734817505,
        0.7025030851364136,
        0.7112398147583008,
        0.691402792930603,
        0.6567251682281494,
        0.6852596998214722,
        0.716913104057312,
        0.6551726460456848,
        0.6960976123809814,
        0.7102665305137634,
        0.688140869140625,
        0.6871453523635864,
        0.7139343023300171,
        0.6948162317276001,
        0.7075830698013306,
        0.7093808650970459,
        0.6916072368621826,
        0.667188286781311,
        0.7460234761238098,
        0.6513909697532654,
        0.6786062717437744,
        0.685131847858429,
        0.7108264565467834,
        0.7091411352157593,
        0.6731854677200317,
        0.7177935838699341,
        0.6871758699417114,
        0.7073094248771667,
        0.7110595107078552,
        0.6833944916725159,
        0.7127558588981628,
        0.6801056861877441,
        0.7103562355041504,
        0.7294559478759766,
        0.7626524567604065,
        0.6968867778778076,
        0.7517604827880859,
        0.7071305513381958,
        0.715801477432251,
        0.6828528046607971,
        0.7087344527244568,
        0.7080956697463989,
        0.6886988282203674,
        0.685957133769989,
        0.69631427526474,
        0.6701592206954956,
        0.7185192108154297,
        0.699286937713623,
        0.6887446641921997,
        0.7048171162605286,
        0.6912533044815063,
        0.6810381412506104,
        0.7169382572174072,
        0.722046434879303,
        0.692373514175415,
        0.6822558641433716,
        0.7067015171051025,
        0.6799150109291077,
        0.7082506418228149,
        0.6979386210441589,
        0.7001246213912964,
        0.695075511932373,
        0.6938565969467163,
        0.692559003829956,
        0.6758089065551758,
        0.683871865272522,
        0.667373776435852,
        0.7089545130729675,
        0.6960977911949158,
        0.7025020718574524,
        0.6938061714172363,
        0.7030438184738159,
        0.6862110495567322,
        0.6966577768325806,
        0.726127564907074,
        0.735576868057251,
        0.7474538087844849,
        0.6789172291755676,
        0.6957858800888062,
        0.7143262624740601,
        0.7079641819000244,
        0.6887012720108032,
        0.6809906959533691,
        0.693382978439331,
        0.7239922285079956,
        0.7142404317855835,
        0.7041854858398438,
        0.7050089836120605,
        0.7213780879974365,
        0.6894395351409912,
        0.7010930776596069,
        0.7000813484191895,
        0.7214511632919312,
        0.6993252038955688,
        0.6930830478668213,
        0.7051186561584473,
        0.6983792781829834,
        0.6756234765052795,
        0.694908857345581,
        0.7108985781669617,
        0.7134058475494385,
        0.6936354637145996,
        0.6799317002296448,
        0.7032479047775269,
        0.7089654207229614,
        0.6772599816322327,
        0.6950943470001221,
        0.70408034324646,
        0.6679654121398926,
        0.6779950857162476,
        0.68972247838974,
        0.6887677907943726,
        0.7004548907279968,
        0.7156774997711182,
        0.7254404425621033,
        0.6928486824035645,
        0.6952716112136841,
        0.6820042133331299,
        0.6679023504257202,
        0.7017126083374023,
        0.6902514696121216,
        0.7070860862731934,
        0.7036882638931274,
        0.6738126277923584,
        0.6892727017402649,
        0.6956677436828613,
        0.6892067193984985,
        0.6867508888244629,
        0.694480299949646,
        0.7076941132545471,
        0.6876249313354492,
        0.6703082323074341,
        0.6779433488845825,
        0.7000055909156799,
        0.7130551338195801,
        0.6959854364395142,
        0.6728566884994507,
        0.6916124224662781,
        0.6893836259841919,
        0.7074187994003296,
        0.7020204663276672,
        0.6946796178817749,
        0.6822848320007324,
        0.7079192996025085,
        0.6960300207138062,
        0.6986557245254517,
        0.6833948493003845,
        0.6906785368919373,
        0.7069076895713806,
        0.7194763422012329,
        0.7111873626708984,
        0.6669391989707947,
        0.6746320724487305,
        0.7093330025672913,
        0.6887484192848206,
        0.7177225947380066,
        0.7029249668121338,
        0.6834809184074402,
        0.6812222003936768,
        0.7148048877716064,
        0.6742299795150757,
        0.7243543863296509,
        0.6749711036682129,
        0.6780650615692139,
        0.7107115983963013,
        0.700819194316864,
        0.6969048976898193,
        0.7251468896865845,
        0.7091518640518188,
        0.7282998561859131,
        0.6853334903717041,
        0.6844322085380554,
        0.7063210606575012,
