{
    "acc_train": [
        0.4820867379006914,
        0.4852294154619736,
        0.5210559396605908,
        0.5128849780012571,
        0.5304839723444374,
        0.5191703331238215,
        0.5273412947831553,
        0.5034569453174105,
        0.5216844751728472,
        0.5348837209302325
    ],
    "acc_valid": [
        0.5477386934673367,
        0.5552763819095478,
        0.542713567839196,
        0.5804020100502513,
        0.535175879396985,
        0.5678391959798995,
        0.5778894472361809,
        0.5678391959798995,
        0.5728643216080402,
        0.5778894472361809
    ],
    "batch_size": 64,
    "hidden_size": 128,
    "losses": [
        0.7077584862709045,
        0.7306404113769531,
        0.715157151222229,
        0.7265834212303162,
        0.6936860680580139,
        0.6863533854484558,
        0.6790706515312195,
        0.715421199798584,
        0.686806321144104,
        0.7036316394805908,
        0.7096856832504272,
        0.7192789316177368,
        0.6928962469100952,
        0.7047845125198364,
        0.7250576019287109,
        0.7089611291885376,
        0.7027547359466553,
        0.7065280079841614,
        0.6963047981262207,
        0.6855511665344238,
        0.7034492492675781,
        0.688461422920227,
        0.701928436756134,
        0.7133848667144775,
        0.7115730047225952,
        0.7110142707824707,
        0.6885521411895752,
        0.6968783736228943,
        0.6748684644699097,
        0.6903203129768372,
        0.6958140134811401,
        0.7117627263069153,
        0.7039847373962402,
        0.7039835453033447,
        0.6943320035934448,
        0.6994429230690002,
        0.7018780708312988,
        0.6961895227432251,
        0.7036911249160767,
        0.7114810943603516,
        0.6922379732131958,
        0.7134408950805664,
        0.6917140483856201,
        0.7041283845901489,
        0.6878854036331177,
        0.7056599259376526,
        0.7105737924575806,
        0.7101673483848572,
        0.6911052465438843,
        0.6998304128646851,
        0.6983866691589355,
        0.7006292939186096,
        0.6916265487670898,
        0.695824384689331,
        0.6973826885223389,
        0.7018663287162781,
        0.7186233997344971,
        0.688628077507019,
        0.6785435080528259,
        0.7001127004623413,
        0.7074707746505737,
        0.6982511281967163,
        0.7004960179328918,
        0.6904209852218628,
        0.6772822141647339,
        0.6771124005317688,
        0.6710236072540283,
        0.6853994727134705,
        0.6882756948471069,
        0.6899212002754211,
        0.6966060400009155,
        0.6944048404693604,
        0.687545895576477,
        0.681976854801178,
        0.6848916411399841,
        0.6882840394973755,
        0.6898670196533203,
        0.7045937776565552,
        0.7068326473236084,
        0.7095716595649719,
        0.6824948787689209,
        0.6992316246032715,
        0.7056624889373779,
        0.6963720321655273,
        0.7070233225822449,
        0.6799299716949463,
        0.7025853991508484,
        0.6825671195983887,
        0.6984180808067322,
        0.7136527299880981,
        0.6884159445762634,
        0.6857110261917114,
        0.6929401159286499,
        0.7102054357528687,
        0.6849124431610107,
        0.6840810775756836,
        0.7071687579154968,
        0.692753255367279,
        0.6814975738525391,
        0.7079943418502808,
        0.692674994468689,
        0.6972837448120117,
        0.6689376831054688,
        0.6816827058792114,
        0.7051365971565247,
        0.6957006454467773,
        0.7014620304107666,
        0.7126586437225342,
        0.6804730892181396,
        0.6941912174224854,
        0.6930780410766602,
        0.6962266564369202,
        0.6817069053649902,
        0.6918848752975464,
        0.6697867512702942,
        0.6819177269935608,
        0.6941170692443848,
        0.7036311626434326,
        0.6852052807807922,
        0.6920404434204102,
        0.685794472694397,
        0.7005728483200073,
        0.6842271089553833,
        0.6886134743690491,
        0.6992574334144592,
        0.7012590169906616,
        0.6990053057670593,
        0.7089277505874634,
        0.6965949535369873,
        0.6832601428031921,
        0.701041579246521,
        0.6835373640060425,
        0.6899431943893433,
        0.7041105628013611,
        0.700508713722229,
        0.6761659383773804,
        0.7082042694091797,
        0.6897032260894775,
        0.682621419429779,
        0.6886006593704224,
        0.6905034780502319,
        0.7051675915718079,
        0.6969212889671326,
        0.7068758010864258,
        0.6843953132629395,
        0.6975162029266357,
        0.6939103007316589,
        0.7200958132743835,
        0.6731334924697876,
        0.6778791546821594,
        0.6842259168624878,
        0.7053958177566528,
        0.6976746320724487,
        0.7002010941505432,
        0.6887476444244385,
        0.6945639252662659,
        0.6820889711380005,
        0.6929681897163391,
        0.6940031051635742,
        0.6889351010322571,
        0.685047447681427,
        0.6953474283218384,
        0.7122820615768433,
        0.6972591280937195,
        0.6948506832122803,
        0.6978467702865601,
        0.6791720390319824,
        0.6954197883605957,
        0.6949237585067749,
        0.6769709587097168,
        0.7134935259819031,
        0.6904883980751038,
        0.7170769572257996,
        0.6904747486114502,
        0.6943789124488831,
        0.7065784931182861,
        0.6951746940612793,
        0.7092320919036865,
        0.7054123282432556,
        0.6846432685852051,
        0.6951056718826294,
        0.6904023885726929,
        0.6927558183670044,
        0.6951701641082764,
        0.6980834007263184,
        0.6925337910652161,
        0.6918362975120544,
        0.7005623579025269,
        0.6922928690910339,
        0.690265417098999,
        0.6920257210731506,
        0.7061820030212402,
        0.6884455680847168,
        0.6739645004272461,
        0.7130750417709351,
        0.7227342128753662,
        0.7139790058135986,
        0.6904768347740173,
        0.6837550401687622,
        0.700894832611084,
        0.7002915143966675,
        0.6997997164726257,
        0.6802465915679932,
        0.698277473449707,
        0.7020914554595947,
        0.6995350122451782,
        0.6843258142471313,
        0.7211650609970093,
        0.6788949966430664,
        0.6751323938369751,
        0.7102324962615967,
        0.6864261627197266,
        0.6951050758361816,
        0.6897521615028381,
        0.6770173907279968,
        0.6771397590637207,
        0.709884524345398,
        0.6910997629165649,
        0.6936998963356018,
        0.6957108378410339,
        0.7024001479148865,
        0.6872528791427612,
        0.6878741383552551,
        0.6971741318702698,
        0.711331844329834,
        0.703069806098938,
        0.6919970512390137,
        0.70699143409729,
        0.6932098865509033,
        0.6918895244598389,
        0.7045513391494751,
        0.6906768083572388,
        0.6832646131515503,
        0.6971322894096375,
        0.6814520359039307,
        0.6760963201522827,
        0.6955000162124634,
        0.6637989282608032,
        0.7042542695999146,
        0.6919993162155151,
        0.677226185798645,
        0.7004736661911011,
        0.7042636871337891,
        0.6958149671554565,
        0.6989133358001709,
        0.6893652677536011,
        0.7029945254325867,
        0.6794770956039429,
        0.6939340829849243,
        0.670006513595581
    ],
    "lr": 2e-05,
    "num_epochs": 10,
    "num_linear": 1,
    "transformer_tag": "activebus/BERT-DK_rest"
}